[1,["ecpdLyjvZBwrvm+cedCcQy","61NnnyRgNFTa8sNeP8JNfu","a8lTkqXX1EaYd3u2SFuxgk","aaAElrni5Or7cc3VDXBB2f","ee0L7Pv5VLnIMwtuv+S5ND","67qMHWl0VC77TTqpcpYqjc","51VsT4bRBEXLYDkVs6Sdug","e2S/sE3M1J8ZTggh/N6Dun"],["node","_textureSetter","_spriteFrame","_N$file","scene","_parent"],["cc.Texture2D","cc.SpriteFrame",["cc.Node",["_name","_id","_components","_contentSize","_trs","_parent","_children"],1,9,5,7,1,2],["cc.Widget",["_alignFlags","_left","_bottom","_right","_top","_originalWidth","_originalHeight","node"],-4,1],["cc.Node",["_name","_parent","_components","_contentSize","_trs","_color"],2,1,2,5,7,5],["cc.Sprite",["_sizeMode","_type","node","_materials","_spriteFrame"],1,1,3,6],["cc.Label",["_isSystemFontUsed","_N$verticalAlign","_string","node","_materials"],0,1,3],["cc.TTFFont",["_name","_native"],1],["cc.SceneAsset",["_name","asyncLoadAssets"],1],["cc.Node",["_name","_parent","_components","_contentSize","_trs"],2,1,12,5,7],["cc.Canvas",["node","_designResolution"],3,1,5],["cc.Scene",["_name","_children","_anchorPoint","_trs"],2,2,5,7],["cc.Camera",["_clearFlags","_depth","node"],1,1],["89e3bULnINAO5LStk1zefH7",["node","loadingSprite","loadingLabel","lbInfo"],3,1,1,1,1]],[[2,0,5,2,3,4,2],[5,0,2,3,4,2],[7,0,1,3],[8,0,1,3],[2,0,1,6,2,3,4,3],[2,0,5,2,2],[9,0,1,2,3,4,2],[4,0,1,2,3,4,2],[4,0,1,2,5,3,4,2],[10,0,1,1],[3,0,7,2],[3,0,1,3,4,2,5,6,7,8],[3,0,1,2,7,4],[5,1,0,2,3,3],[11,0,1,2,3,2],[12,0,1,2,3],[6,0,1,3,4,3],[6,2,0,1,3,4,4],[13,0,1,2,3,1]],[[["1,9729,9729,33071,33071,0,0,1",-1],[0],0,[],[],[]],[[[2,"ChangaOne-Regular","ChangaOne-Regular.ttf"],-1],0,0,[],[],[]],[[{"name":"Asset 5","rect":[0,0,836,66],"offset":[0,0],"originalSize":[836,66],"capInsets":[0,0,0,0]}],[1],0,[0],[1],[2]],[[[3,"LoadScene",null],[4,"Canvas","a5esZu+45LA5mBpvttspPD",[-3,-4,-5,-6,-7,-8,-9],[[9,-1,[5,1280,720]],[10,45,-2]],[5,1280,720],[640,360,0,0,0,0,1,1,1,1]],[0,"BG",1,[[1,0,-10,[0],1],[11,45,-7.499999999999968,-9.499999999999876,-9.000000000000007,5.000000000000002,1280,720,-11]],[5,1297,724],[1,7,0,0,0,0,1,1,1,1]],[6,"labelinfo",1,[[-12,[12,12,54.62699999999995,27.126000000000033,-13]],1,4],[5,0,50.4],[-585.373,-307.674,0,0,0,0,1,1,1,1]],[14,"New Node",[1],[0,0,0],[0,0,0,0,0,0,1,1,1,1]],[0,"Main Camera",1,[[15,7,-1,-14]],[5,960,640],[0,0,623.5382907247958,0,0,0,1,1,1,1]],[0,"Logo",1,[[1,0,-15,[2],3]],[5,721,562],[18,84.006,0,0,0,0,1,0.8,0.7999999999999999,1]],[7,"blue bar",1,[-16],[5,698,31],[5,-282.019,0,0,0,0,1,1,1,1]],[13,3,0,7,[4]],[16,false,1,3,[5]],[8,"label loading",1,[-17],[4,4282496206],[5,99.64,50.4],[0,-219.399,0,0,0,0,1,1,1,1]],[17,"Label",false,1,10,[6]],[5,"LoadGameController",1,[[18,-18,8,11,9]]]],0,[0,0,1,0,0,1,0,-1,5,0,-2,2,0,-3,6,0,-4,7,0,-5,3,0,-6,10,0,-7,12,0,0,2,0,0,2,0,-1,9,0,0,3,0,0,5,0,0,6,0,-1,8,0,-1,11,0,0,12,0,4,4,1,5,4,18],[0,0,0,0,0,0,0,8,9,11],[-1,2,-1,2,-1,-1,-1,2,3,3],[0,3,0,4,0,0,0,5,1,1]],[["0,9729,9729,33071,33071,0,0,1",-1],[0],0,[],[],[]],[[{"name":"background","rect":[0,0,1280,720],"offset":[0,0],"originalSize":[1280,720],"capInsets":[0,0,0,0]}],[1],0,[0],[1],[6]],[["0,9729,9729,33071,33071,0,0,1",-1],[0],0,[],[],[]],[[{"name":"logo-game-laucua","rect":[0,0,233,152],"offset":[0,5.5],"originalSize":[233,163],"capInsets":[0,0,0,0]}],[1],0,[0],[1],[7]]]]